Rank,Name,Pos,Attempts,Comps,Pass TDs,Pass Yards,Ints,Receptions,Rec Yards,Rec TDs,Rec FD,Rush Attempts,Rush Yards,Rush TDs,Rush FD,Fumbles,Projections,7-Day Delta
0,Josh Allen,QB,474.0,313.0,24.5,3624.5,10.0,,,,,110.0,499.5,11.5,53.5,3.0,349.93,0.0
1,Jahmyr Gibbs,RB,,,,,,60.5,449.5,4.5,53.3,255.0,1199.5,12.5,125.1,1.0,327.4,0.0
2,Puka Nacua,WR,,,,,,107.0,1400.0,10.0,140.0,10.0,55.0,,5.5,1.0,312.5,0.0
3,Bijan Robinson,RB,,,,,,65.5,574.5,3.5,53.7,280.0,1174.5,8.5,137.2,2.0,310.4,0.0
4,Drake Maye,QB,505.0,344.0,26.5,3799.5,11.0,,,,,85.0,424.5,3.5,41.6,3.0,306.43,0.0
5,Ja'Marr Chase,WR,,,,,,108.5,1324.5,10.5,134.5,3.0,16.0,,1.6,1.0,305.55,0.0
6,Joe Burrow,QB,549.0,377.0,32.5,3999.5,10.0,,,,,46.0,138.0,2.0,13.8,3.0,303.78,0.0
7,Jalen Hurts,QB,462.0,300.0,22.5,3249.5,8.0,,,,,120.0,424.5,8.5,51.5,3.0,301.43,0.0
8,Trevor Lawrence,QB,522.0,329.0,25.5,3774.5,12.0,,,,,79.0,339.0,5.0,33.9,3.0,300.88,0.0
9,Lamar Jackson,QB,415.0,270.0,24.5,3249.5,8.0,,,,,119.0,599.5,3.5,66.8,4.0,294.93,2.5
10,Brock Purdy,QB,494.0,333.0,27.5,3799.5,13.0,,,,,64.0,242.0,3.0,24.2,3.0,289.18,0.0
11,Jaxon Smith-Njigba,WR,,,,,,101.5,1324.5,8.5,134.3,6.0,33.0,,3.3,1.0,288.25,0.0
12,Amon-Ra St. Brown,WR,,,,,,104.5,1249.5,9.5,124.9,3.0,16.0,,1.6,1.0,288.05,0.0
13,Christian McCaffrey,RB,,,,,,60.5,574.5,4.5,60.6,240.0,949.5,8.5,98.4,2.0,286.9,-8.0
14,Justin Herbert,QB,533.0,355.0,25.5,3650.5,10.0,,,,,70.0,338.0,3.0,33.8,3.0,285.82,0.0
15,Caleb Williams,QB,514.0,316.0,24.5,3649.5,10.0,,,,,75.0,373.0,3.0,37.3,3.0,285.28,0.0
16,Jayden Daniels,QB,479.0,318.0,21.5,3249.5,9.0,,,,,126.0,549.5,4.5,68.6,3.0,284.93,-9.0
17,Jared Goff,QB,533.0,362.0,29.5,4099.5,10.0,,,,,29.0,53.0,1.0,5.3,3.0,281.28,0.0
18,Bo Nix,QB,555.0,366.0,24.5,3499.5,12.0,,,,,76.0,330.0,4.0,33.0,3.0,278.98,0.0
19,Dak Prescott,QB,580.0,389.0,27.5,3999.5,13.0,,,,,44.0,152.0,1.0,15.2,2.0,278.18,0.0
20,Baker Mayfield,QB,526.0,343.0,25.5,3599.5,13.0,,,,,63.0,306.0,2.0,30.6,4.0,269.58,0.0
21,Matthew Stafford,QB,528.0,343.0,30.5,3899.5,11.0,,,,,27.0,19.0,,1.9,2.0,268.88,-2.0
22,Jaxson Dart,QB,495.0,322.0,19.5,3150.5,12.0,,,,,106.0,449.5,5.5,53.9,3.0,265.97,0.0
23,Jonathan Taylor,RB,,,,,,36.0,278.0,1.0,27.8,287.0,1224.5,11.5,138.5,2.0,259.25,-2.5
24,Jordan Love,QB,501.0,328.0,24.5,3549.5,10.0,,,,,51.0,202.0,2.0,20.2,3.0,258.18,0.0
25,CeeDee Lamb,WR,,,,,,91.5,1199.5,7.5,124.9,3.0,16.0,,1.6,1.0,258.05,0.0
26,Tyler Shough,QB,539.0,354.0,20.5,3449.5,12.0,,,,,84.0,343.0,3.0,34.3,3.0,256.28,0.0
27,Patrick Mahomes,QB,555.0,370.0,24.5,3649.5,12.0,,,,,47.0,202.0,1.0,20.2,2.0,256.18,-30.5
28,Sam Darnold,QB,478.0,317.0,23.5,3699.5,12.0,,,,,44.0,157.0,2.0,15.7,3.0,253.68,0.0
29,James Cook,RB,,,,,,31.0,268.0,2.0,26.8,264.0,1224.5,10.5,127.0,2.0,253.25,0.0
30,C.J. Stroud,QB,481.0,302.0,22.5,3549.5,12.0,,,,,54.0,220.0,2.0,22.0,3.0,249.98,0.0
31,Kyler Murray,QB,465.0,311.0,18.5,3049.5,9.0,,,,,83.0,488.0,3.0,48.8,3.0,249.78,-15.4
32,Justin Jefferson,WR,,,,,,92.5,1149.5,6.5,117.8,1.0,6.0,,0.6,,247.05,0.0
33,Drake London,WR,,,,,,89.5,1099.5,7.5,115.6,1.0,6.0,,0.6,,247.05,0.0
34,Malik Willis,QB,419.0,271.0,14.5,2949.5,9.0,,,,,125.0,549.5,3.5,71.2,2.0,238.93,-25.2
35,Ashton Jeanty,RB,,,,,,50.0,383.0,2.0,38.3,281.0,974.5,7.5,115.2,2.0,238.75,0.0
36,A.J. Brown,WR,,,,,,78.5,1124.5,7.5,117.6,1.0,6.0,,0.6,,238.55,0.0
37,De'Von Achane,RB,,,,,,57.5,416.0,2.0,41.6,239.0,974.5,5.5,116.8,2.0,237.55,-0.8
38,Trey McBride,TE,,,,,,97.5,999.5,6.5,96.9,,,,,1.0,236.45,0.0
39,Derrick Henry,RB,,,,,,17.0,133.0,1.0,13.3,281.0,1249.5,12.5,140.6,2.0,234.25,0.0
40,Omarion Hampton,RB,,,,,,48.0,364.0,2.0,36.4,232.0,949.5,7.5,102.5,2.0,232.35,0.0
41,Saquon Barkley,RB,,,,,,37.0,277.0,2.0,27.7,271.0,1099.5,7.5,122.0,1.0,231.65,0.0
42,Chase Brown,RB,,,,,,57.0,417.0,3.0,41.7,220.0,849.5,5.5,94.5,2.0,230.65,2.5
43,Rashee Rice,WR,,,,,,88.0,964.0,7.0,96.4,6.0,29.0,,2.9,1.0,229.3,0.0
44,Chris Olave,WR,,,,,,87.5,1049.5,5.5,109.3,1.0,6.0,,0.6,,228.05,7.5
45,Bryce Young,QB,493.0,311.0,20.5,2924.5,11.0,,,,,51.0,245.0,3.0,24.5,3.0,226.48,0.0
46,Cam Ward,QB,541.0,341.0,20.5,3299.5,13.0,,,,,46.0,182.0,2.0,18.2,4.0,225.18,4.0
47,Malik Nabers,WR,,,,,,82.0,1057.0,5.5,105.7,3.0,16.0,,1.6,,224.3,-3.0
48,Emeka Egbuka,WR,,,,,,77.0,1029.0,7.0,102.9,3.0,21.0,,2.1,,224.0,19.9
49,Geno Smith,QB,489.0,325.0,22.0,3372.0,14.0,,,,,45.0,156.0,1.0,15.6,4.0,222.48,0.0
50,Daniel Jones,QB,469.0,312.0,18.5,3299.5,11.0,,,,,47.0,191.0,2.0,19.1,3.0,222.08,-1.5
51,Brock Bowers,TE,,,,,,82.5,924.5,7.5,107.7,4.0,18.0,,1.8,1.0,221.75,0.0
52,Nico Collins,WR,,,,,,70.5,1074.5,6.5,123.7,3.0,18.0,,1.8,,220.75,0.0
53,DeVonta Smith,WR,,,,,,79.5,1049.5,5.5,106.6,1.0,6.0,,0.6,,218.05,0.0
54,George Pickens,WR,,,,,,75.5,999.5,6.5,121.1,1.0,6.0,,0.6,,217.05,0.0
55,Javonte Williams,RB,,,,,,37.0,239.0,1.0,23.9,239.0,949.5,9.5,100.4,1.0,216.85,0.0
56,Kenneth Walker,RB,,,,,,37.0,272.0,2.0,27.2,259.0,949.5,7.5,115.8,1.0,214.15,0.0
57,Kyren Williams,RB,,,,,,32.0,219.0,2.0,21.9,228.0,949.5,9.5,98.1,2.0,213.85,-5.0
58,Garrett Wilson,WR,,,,,,84.5,999.5,4.5,104.3,3.0,16.0,,1.6,,213.05,0.0
59,Breece Hall,RB,,,,,,37.0,314.0,2.0,31.4,220.0,986.0,6.0,98.6,2.0,211.0,10.1
60,Tetairoa McMillan,WR,,,,,,72.5,949.5,6.5,107.4,1.0,6.0,,0.6,,209.05,0.0
61,Aaron Rodgers,QB,403.0,261.0,21.5,3149.5,7.0,,,,,21.0,60.0,,6.0,2.0,208.98,0.0
62,Zay Flowers,WR,,,,,,74.5,999.5,5.5,110.3,5.0,29.0,,2.9,1.0,208.35,0.0
63,Tee Higgins,WR,,,,,,64.5,874.5,8.5,104.8,1.0,6.0,,0.6,,205.55,0.0
64,Josh Jacobs,RB,,,,,,33.0,258.0,1.0,25.8,217.0,918.0,8.0,91.8,2.0,202.6,0.0
65,Jeremiyah Love,RB,,,,,,47.0,351.0,2.0,35.1,205.0,774.5,5.5,89.7,1.0,202.55,-15.1
66,Terry McLaurin,WR,,,,,,71.5,924.5,5.5,103.1,1.0,7.0,,0.7,,197.65,0.0
67,Davante Adams,WR,,,,,,60.5,774.5,9.5,79.5,,,,,,196.95,0.0
68,D'Andre Swift,RB,,,,,,37.0,272.0,1.0,27.2,217.0,824.5,7.5,97.8,1.0,195.65,7.0
69,Cam Skattebo,RB,,,,,,42.0,301.0,1.0,30.1,214.0,799.5,6.5,89.1,1.0,195.05,-6.1
70,Ladd McConkey,WR,,,,,,70.5,899.5,5.5,104.0,2.0,12.0,,1.2,,194.65,0.0
71,Jaylen Waddle,WR,,,,,,68.5,899.5,5.5,100.2,3.0,18.0,,1.8,,193.25,0.0
72,Jameson Williams,WR,,,,,,60.0,924.5,5.5,99.8,8.0,44.0,,4.4,,189.85,2.5
73,Travis Etienne,RB,,,,,,36.0,287.0,2.0,28.7,226.0,799.5,5.5,95.0,1.0,189.65,-3.0
74,Quinshon Judkins,RB,,,,,,32.0,228.0,1.0,22.8,244.0,899.5,6.5,101.2,1.0,187.75,3.0
75,Tyler Warren,TE,,,,,,74.5,774.5,5.5,86.2,5.0,19.0,,1.9,,186.85,0.0
76,Colston Loveland,TE,,,,,,69.5,824.5,5.5,95.0,1.0,4.0,,0.4,,185.35,0.0
77,David Montgomery,RB,,,,,,32.0,235.0,1.0,23.5,236.0,799.5,7.5,98.6,1.0,184.45,-4.5
78,Rome Odunze,WR,,,,,,68.0,824.5,5.5,97.3,1.0,6.0,,0.6,,184.05,0.0
79,Mike Evans,WR,,,,,,59.5,824.5,6.5,102.2,,,,,,182.95,-3.0
80,Luther Burden,WR,,,,,,64.5,849.5,4.5,88.9,10.0,61.0,,6.1,,182.55,-15.0
81,DJ Moore,WR,,,,,,59.5,824.5,6.5,85.1,5.0,29.0,,2.9,1.0,181.85,0.0
82,Jayden Reed,WR,,,,,,70.0,674.5,6.0,85.3,14.0,83.0,,8.3,1.0,179.75,2.5
83,Parker Washington,WR,,,,,,62.5,824.5,4.5,90.6,10.0,58.0,,5.8,,179.75,-12.5
84,Bucky Irving,RB,,,,,,36.0,271.0,2.0,27.1,211.0,799.5,4.5,90.2,2.0,178.05,-19.2
85,Alec Pierce,WR,,,,,,54.0,872.0,6.0,87.2,1.0,7.0,,0.7,,177.9,0.0
86,Marvin Harrison,WR,,,,,,62.0,824.5,5.5,88.2,,,,,,177.45,0.0
87,Josh Downs,WR,,,,,,67.5,824.5,4.0,77.0,2.0,13.0,,1.3,,175.25,-0.1
88,DK Metcalf,WR,,,,,,58.5,824.5,5.5,84.3,2.0,10.0,,1.0,,174.95,0.0
89,Kyle Pitts,TE,,,,,,69.5,774.5,4.5,75.6,,,,,,173.95,0.0
90,TreVeyon Henderson,RB,,,,,,35.0,260.0,1.0,26.0,170.0,699.5,6.5,76.0,1.0,173.95,0.0
91,Michael Pittman,WR,,,,,,70.5,749.5,4.5,77.2,1.0,7.0,,0.7,,173.15,0.0
92,Rico Dowdle,RB,,,,,,38.0,273.0,1.0,27.3,159.0,699.5,5.5,67.8,1.0,172.25,9.0
93,Harold Fannin,TE,,,,,,71.5,699.5,4.5,73.9,6.0,25.0,,2.5,,170.95,-3.0
94,Deebo Samuel,WR,,,,,,63.5,699.5,4.0,62.8,17.0,89.0,1.0,8.9,1.0,170.35,-4.5
95,Tucker Kraft,TE,,,,,,67.0,699.5,5.5,77.4,,,,,,169.95,3.0
96,Stefon Diggs,WR,,,,,,64.0,774.5,4.5,68.7,1.0,6.0,,0.6,,169.05,-2.5
97,Makai Lemon,WR,,,,,,60.0,775.0,5.0,77.5,2.0,10.0,,1.0,,168.5,0.0
98,Courtland Sutton,WR,,,,,,59.5,699.5,6.5,79.3,,,,,,168.45,-5.0
99,Christian Watson,WR,,,,,,50.5,774.5,6.5,101.2,2.0,14.0,,1.4,,168.35,0.0
100,Carnell Tate,WR,,,,,,61.5,774.5,4.5,81.3,2.0,10.0,,1.0,,166.95,-2.6
101,Wan'Dale Robinson,WR,,,,,,71.0,699.5,4.0,74.1,3.0,16.0,,1.6,,166.55,3.1
102,Jalen Coker,WR,,,,,,60.0,753.0,5.0,75.3,1.0,6.0,,0.6,,165.9,0.0
103,Chris Godwin,WR,,,,,,68.0,699.5,4.5,75.0,1.0,6.0,,0.6,,165.55,0.0
104,Jayden Higgins,WR,,,,,,57.0,778.0,5.0,77.8,1.0,6.0,,0.6,,165.4,20.3
105,George Kittle,TE,,,,,,62.0,699.5,5.5,71.3,,,,,,164.95,0.0
106,Bhayshul Tuten,RB,,,,,,32.0,234.0,1.0,23.4,184.0,724.5,5.5,79.4,1.0,164.85,-3.0
107,Tony Pollard,RB,,,,,,28.0,187.0,1.0,18.7,189.0,799.5,5.5,79.4,1.0,163.65,0.0
108,Brian Thomas,WR,,,,,,62.0,724.5,4.5,89.7,3.0,17.0,,1.7,,163.15,0.0
109,Michael Wilson,WR,,,,,,59.0,724.5,5.0,76.4,1.0,6.0,,0.6,,162.05,0.0
110,Jakobi Meyers,WR,,,,,,64.5,649.5,5.0,73.2,4.0,21.0,,2.1,,161.55,-6.0
111,Brenton Strange,TE,,,,,,63.0,680.0,5.0,68.0,,,,,,161.0,0.0
112,Travis Kelce,TE,,,,,,66.5,674.5,4.5,71.4,,,,,,160.95,0.0
113,Jacoby Brissett,QB,355.0,225.0,15.0,2400.0,7.0,,,,,35.0,110.0,1.0,11.0,3.0,160.0,0.0
114,Khalil Shakir,WR,,,,,,71.0,624.5,4.0,74.7,2.0,10.0,,1.0,,158.45,2.0
115,Fernando Mendoza,QB,434.0,277.0,12.5,2199.5,11.0,,,,,53.0,234.0,2.0,23.4,3.0,158.38,0.0
116,Matthew Golden,WR,,,,,,58.0,649.5,5.0,77.0,8.0,51.0,,5.1,,158.05,0.0
117,Isaiah Likely,TE,,,,,,62.0,653.0,5.0,65.3,,,,,,157.3,0.0
118,Quentin Johnston,WR,,,,,,58.0,649.5,5.5,74.8,2.0,11.0,,1.1,,157.05,3.0
119,Xavier Worthy,WR,,,,,,55.0,649.5,4.0,69.5,17.0,90.0,1.0,9.0,1.0,156.95,0.0
120,Jordan Addison,WR,,,,,,60.0,674.5,4.5,79.5,4.0,22.0,,2.2,,156.65,-3.0
121,T.J. Hockenson,TE,,,,,,66.0,650.0,4.0,65.0,,,,,,155.0,0.0
122,Jonathon Brooks,RB,,,,,,34.0,245.0,1.0,24.5,160.0,684.0,4.0,68.4,1.0,154.9,34.9
123,Kyle Monangai,RB,,,,,,23.0,165.0,1.0,16.5,166.0,751.0,6.0,75.1,1.0,154.6,10.2
124,Jaylen Warren,RB,,,,,,36.0,267.0,1.0,26.7,172.0,624.5,4.5,75.9,2.0,154.15,-3.0
125,Hunter Henry,TE,,,,,,58.0,655.0,5.0,65.5,,,,,,153.5,0.0
126,Kenny Gainwell,RB,,,,,,47.0,355.0,2.0,35.5,99.0,418.0,3.0,41.8,1.0,152.3,0.0
127,J.K. Dobbins,RB,,,,,,26.0,190.0,1.0,19.0,171.0,674.5,5.5,73.2,,151.45,-3.0
128,Sam LaPorta,TE,,,,,,61.5,624.5,4.5,84.2,1.0,3.0,,0.3,,151.25,0.0
129,Jadarian Price,RB,,,,,,19.0,138.0,1.0,13.8,212.0,724.5,7.0,91.2,1.0,151.25,0.0
130,Mark Andrews,TE,,,,,,60.0,499.5,6.5,65.3,6.0,12.0,,1.2,,150.15,0.0
131,Rhamondre Stevenson,RB,,,,,,29.0,214.0,1.0,21.4,183.0,624.5,5.5,78.6,1.0,149.85,0.0
132,Romeo Doubs,WR,,,,,,57.0,649.5,4.5,74.2,,,,,,148.95,0.0
133,Chuba Hubbard,RB,,,,,,22.0,153.0,1.0,15.3,181.0,766.0,5.0,76.6,1.0,147.9,-4.3
134,KC Concepcion,WR,,,,,,58.0,599.5,4.0,71.0,9.0,54.0,,5.4,1.0,145.35,0.0
135,RJ Harvey,RB,,,,,,37.0,276.0,2.0,27.6,124.0,515.0,3.0,51.5,1.0,144.1,0.0
136,Chig Okonkwo,TE,,,,,,61.0,591.0,4.0,59.1,,,,,,144.1,0.0
137,Jake Ferguson,TE,,,,,,66.5,524.5,4.5,61.8,,,,,1.0,143.95,0.0
138,AJ Barner,TE,,,,,,58.0,530.0,4.0,53.0,10.0,14.0,1.0,1.4,,142.4,0.0
139,Dalton Kincaid,TE,,,,,,66.0,549.5,3.5,73.6,,,,,,141.95,0.0
140,Oronde Gadsden,TE,,,,,,56.0,618.0,4.0,61.8,,,,,,141.8,0.0
141,Juwan Johnson,TE,,,,,,56.0,599.5,4.0,60.9,,,,,,139.95,4.5
142,Dalton Schultz,TE,,,,,,58.0,572.0,4.0,57.2,,,,,,139.2,5.7
143,Jordan Mason,RB,,,,,,20.0,140.0,1.0,14.0,190.0,649.5,6.0,79.7,1.0,138.95,0.0
144,Tua Tagovailoa,QB,308.0,209.0,14.0,2141.0,8.0,,,,,20.0,43.0,,4.3,4.0,137.94,0.0
145,Dallas Goedert,TE,,,,,,53.0,574.5,4.5,59.0,,,,,,137.45,0.0
146,Chris Rodriguez,RB,,,,,,15.0,107.0,,10.7,171.0,728.0,6.0,72.8,1.0,132.5,0.0
147,Malik Washington,WR,,,,,,48.0,472.0,3.0,47.2,22.0,121.0,1.0,12.1,,131.3,30.6
148,Jalen Nailor,WR,,,,,,46.0,587.0,4.0,58.7,3.0,19.0,,1.9,,130.6,0.0
149,Gunnar Helm,TE,,,,,,57.0,553.0,3.0,55.3,,,,,,130.3,0.0
150,Rashid Shaheed,WR,,,,,,45.0,574.5,4.0,66.5,8.0,46.0,,4.6,1.0,129.05,7.5
151,Pat Freiermuth,TE,,,,,,51.0,534.0,4.0,53.4,,,,,,128.4,0.0
152,Aaron Jones,RB,,,,,,34.0,248.0,1.0,24.8,131.0,474.5,3.0,56.3,1.0,128.25,-2.5
153,Rachaad White,RB,,,,,,34.0,253.0,1.0,25.3,114.0,468.0,3.0,46.8,1.0,128.1,0.0
154,De'Zhaun Stribling,WR,,,,,,46.0,574.5,4.0,58.4,,,,,,127.45,2.5
155,Jalen McMillan,WR,,,,,,44.0,561.0,4.0,56.1,6.0,33.0,,3.3,,127.4,0.0
156,Omar Cooper,WR,,,,,,45.0,567.0,4.0,56.7,3.0,14.0,,1.4,,127.1,0.0
157,Blake Corum,RB,,,,,,15.0,106.0,,10.6,172.0,674.5,6.0,75.7,1.0,127.05,0.0
158,Jacory Croskey-Merritt,RB,,,,,,19.0,135.0,1.0,13.5,141.0,599.5,5.0,61.4,1.0,126.45,0.0
159,Tre Tucker,WR,,,,,,46.0,574.5,3.0,58.2,7.0,37.0,,3.7,,125.15,6.5
160,Jerry Jeudy,WR,,,,,,49.5,549.5,3.0,58.1,1.0,5.0,,0.5,,122.95,0.0
161,Darren Waller,TE,,,,,,47.0,516.0,4.0,51.6,,,,,,122.6,37.0
162,Cade Otton,TE,,,,,,53.0,513.0,3.0,51.3,,,,,,122.3,-5.7
163,Denzel Boston,WR,,,,,,53.0,499.5,3.0,62.4,2.0,13.0,,1.3,,122.25,5.1
164,Ryan Flournoy,WR,,,,,,47.0,549.0,3.0,54.9,2.0,13.0,,1.3,,121.2,0.0
165,Brandon Aubrey,K,,,,,,,,,,,,,,,116.0,0.0
166,LAR,DEF,,,,,,,,,,,,,,,116.0,0.0
167,Tyjae Spears,RB,,,,,,35.0,248.0,1.0,24.8,92.0,388.0,2.0,38.8,1.0,114.6,0.0
168,HOU,DEF,,,,,,,,,,,,,,,114.0,0.0
169,SEA,DEF,,,,,,,,,,,,,,,113.0,0.0
170,Ka'imi Fairbairn,K,,,,,,,,,,,,,,,113.0,0.0
171,Tre' Harris,WR,,,,,,39.0,493.0,4.0,49.3,1.0,6.0,,0.6,,112.9,0.0
172,Cam Little,K,,,,,,,,,,,,,,,112.0,0.0
173,Tyrone Tracy,RB,,,,,,21.0,155.0,1.0,15.5,124.0,528.0,3.0,52.8,1.0,111.3,0.0
174,Jordyn Tyson,WR,,,,,,41.0,514.0,3.0,51.4,1.0,6.0,,0.6,,111.0,-52.9
175,Jason Myers,K,,,,,,,,,,,,,,,111.0,0.0
176,Greg Dulcich,TE,,,,,,47.0,459.0,3.0,45.9,,,,,,110.9,0.0
177,Devaughn Vele,WR,,,,,,42.0,496.0,3.0,49.6,1.0,10.0,,1.0,,110.6,19.6
178,Will Reichard,K,,,,,,,,,,,,,,,109.0,0.0
179,Michael Penix,QB,221.0,137.0,10.0,1567.0,5.0,,,,,20.0,67.0,1.0,6.7,2.0,108.38,0.0
180,PHI,DEF,,,,,,,,,,,,,,,108.0,0.0
181,Chris Boswell,K,,,,,,,,,,,,,,,107.0,0.0
182,Keenan Allen,WR,,,,,,44.0,448.0,3.0,44.8,,,,,,106.8,11.8
183,Harrison Mevis,K,,,,,,,,,,,,,,,106.0,0.0
184,Cameron Dicker,K,,,,,,,,,,,,,,,106.0,0.0
185,Tyler Loop,K,,,,,,,,,,,,,,,106.0,0.0
186,DEN,DEF,,,,,,,,,,,,,,,106.0,0.0
187,Evan McPherson,K,,,,,,,,,,,,,,,106.0,0.0
188,Jauan Jennings,WR,,,,,,39.0,487.0,3.0,48.7,,,,,,105.7,0.0
189,Chase McLaughlin,K,,,,,,,,,,,,,,,105.0,0.0
190,Jake Bates,K,,,,,,,,,,,,,,,105.0,0.0
191,BAL,DEF,,,,,,,,,,,,,,,105.0,0.0
192,Mike Gesicki,TE,,,,,,42.0,449.0,3.0,44.9,,,,,,104.9,0.0
193,Ja'Kobi Lane,WR,,,,,,35.0,453.0,4.0,45.3,1.0,6.0,,0.6,,104.9,14.8
194,Tyler Bass,K,,,,,,,,,,,,,,,103.0,0.0
195,Rashod Bateman,WR,,,,,,36.0,483.0,3.0,48.3,,,,,,102.3,18.2
196,Deshaun Watson,QB,215.0,137.0,8.0,1374.0,6.0,,,,,30.0,131.0,2.0,13.1,2.0,102.06,0.0
197,DET,DEF,,,,,,,,,,,,,,,102.0,0.0
198,MIN,DEF,,,,,,,,,,,,,,,101.0,0.0
199,Eddy Pineiro,K,,,,,,,,,,,,,,,101.0,0.0
200,NE,DEF,,,,,,,,,,,,,,,101.0,0.0
201,Terrance Ferguson,TE,,,,,,35.0,413.0,4.0,41.3,,,,,,100.3,12.8
202,Kenyon Sadiq,TE,,,,,,40.0,415.0,3.0,41.5,2.0,7.0,,0.7,,100.2,-30.9
203,Harrison Butker,K,,,,,,,,,,,,,,,100.0,0.0
204,Cairo Santos,K,,,,,,,,,,,,,,,100.0,0.0
205,Wil Lutz,K,,,,,,,,,,,,,,,100.0,0.0
206,JAX,DEF,,,,,,,,,,,,,,,99.0,0.0
207,Blake Grupe,K,,,,,,,,,,,,,,,99.0,0.0
208,Germie Bernard,WR,,,,,,36.0,439.0,3.0,43.9,2.0,10.0,,1.0,,98.9,0.0
209,Adonai Mitchell,WR,,,,,,35.0,443.0,3.0,44.3,1.0,10.0,,1.0,,98.3,0.0
210,PIT,DEF,,,,,,,,,,,,,,,98.0,0.0
211,Ted Hurst,WR,,,,,,36.0,426.0,3.0,42.6,2.0,13.0,,1.3,,97.9,0.0
212,Shedeur Sanders,QB,226.0,142.0,7.0,1433.0,5.0,,,,,26.0,88.0,2.0,8.8,2.0,97.12,0.0
213,KC,DEF,,,,,,,,,,,,,,,97.0,0.0
214,Keaton Mitchell,RB,,,,,,18.0,134.0,1.0,13.4,88.0,435.0,3.0,43.5,1.0,96.9,0.0
215,Travis Hunter,WR,,,,,,35.0,415.0,3.0,41.5,4.0,21.0,,2.1,,96.6,0.0
216,Mason Taylor,TE,,,,,,40.0,384.0,3.0,38.4,,,,,,96.4,19.1
217,Pat Bryant,WR,,,,,,35.0,425.0,3.0,42.5,2.0,9.0,,0.9,,96.4,0.0
218,Andy Borregales,K,,,,,,,,,,,,,,,96.0,0.0
219,NYG,DEF,,,,,,,,,,,,,,,96.0,0.0
220,LAC,DEF,,,,,,,,,,,,,,,96.0,0.0
221,DAL,DEF,,,,,,,,,,,,,,,96.0,0.0
222,GB,DEF,,,,,,,,,,,,,,,96.0,0.0
223,CHI,DEF,,,,,,,,,,,,,,,95.0,0.0
224,Nick Folk,K,,,,,,,,,,,,,,,95.0,0.0
225,Caleb Douglas,WR,,,,,,34.0,428.0,3.0,42.8,,,,,,94.8,62.3
226,Kayshon Boutte,WR,,,,,,31.0,456.0,3.0,45.6,,,,,,94.6,0.0
227,Cyrus Allen,WR,,,,,,34.0,425.0,3.0,42.5,,,,,,94.5,57.3
228,IND,DEF,,,,,,,,,,,,,,,94.0,0.0
229,BUF,DEF,,,,,,,,,,,,,,,94.0,0.0
230,SF,DEF,,,,,,,,,,,,,,,94.0,0.0
231,Tyreek Hill,WR,,,,,,33.0,422.0,3.0,42.2,1.0,5.0,,0.5,,93.7,0.0
232,ATL,DEF,,,,,,,,,,,,,,,93.0,0.0
233,Charlie Smyth,K,,,,,,,,,,,,,,,93.0,0.0
234,Ryan Fitzgerald,K,,,,,,,,,,,,,,,92.0,0.0
235,Tory Horton,WR,,,,,,31.0,421.0,3.0,42.1,1.0,9.0,,0.9,,92.0,0.0
236,Andrei Iosivas,WR,,,,,,32.0,403.0,3.0,40.3,2.0,10.0,,1.0,,91.3,0.0
237,Jason Sanders,K,,,,,,,,,,,,,,,91.0,0.0
238,TB,DEF,,,,,,,,,,,,,,,91.0,0.0
239,Malachi Fields,WR,,,,,,32.0,404.0,3.0,40.4,1.0,6.0,,0.6,,91.0,9.4
240,CAR,DEF,,,,,,,,,,,,,,,91.0,0.0
241,Jake Moody,K,,,,,,,,,,,,,,,91.0,0.0
242,Jake Elliott,K,,,,,,,,,,,,,,,90.0,0.0
243,Chimere Dike,WR,,,,,,38.0,384.0,2.0,38.4,6.0,30.0,,3.0,1.0,89.4,0.0
244,Chad Ryland,K,,,,,,,,,,,,,,,89.0,0.0
245,CIN,DEF,,,,,,,,,,,,,,,89.0,0.0
246,Dylan Sampson,RB,,,,,,23.0,176.0,1.0,17.6,78.0,321.0,2.0,32.1,1.0,88.7,0.0
247,Isaac TeSlaa,WR,,,,,,28.0,402.0,3.0,40.2,2.0,9.0,,0.9,,87.1,-18.3
248,NO,DEF,,,,,,,,,,,,,,,87.0,0.0
249,Cooper Kupp,WR,,,,,,32.0,364.0,3.0,36.4,,,,,,86.4,0.0
250,Keon Coleman,WR,,,,,,29.0,375.0,3.0,37.5,3.0,13.0,,1.3,,85.8,47.0
251,Darnell Washington,TE,,,,,,33.0,341.0,3.0,34.1,,,,,,85.1,-3.8
252,WAS,DEF,,,,,,,,,,,,,,,85.0,0.0
253,Joey Slye,K,,,,,,,,,,,,,,,84.0,0.0
254,CLE,DEF,,,,,,,,,,,,,,,84.0,0.0
255,Andre Szmyt,K,,,,,,,,,,,,,,,84.0,0.0
256,Woody Marks,RB,,,,,,19.0,137.0,1.0,13.7,86.0,351.0,2.0,35.1,1.0,83.8,0.0
257,Darius Slayton,WR,,,,,,27.0,386.0,3.0,38.6,,,,,,83.6,-3.0
258,Jaylin Noel,WR,,,,,,31.0,362.0,2.0,36.2,7.0,37.0,,3.7,,82.9,0.0
259,Eli Stowers,TE,,,,,,31.0,319.0,3.0,31.9,2.0,5.0,,0.5,,81.4,0.0
260,Michael Mayer,TE,,,,,,34.0,348.0,2.0,34.8,,,,,,80.8,0.0
261,Cole Kmet,TE,,,,,,34.0,337.0,2.0,33.7,,,,,,79.7,0.0
262,Zachariah Branch,WR,,,,,,30.0,365.0,2.0,36.5,,,,,,78.5,-22.1
263,Jack Bech,WR,,,,,,30.0,350.0,2.0,35.0,1.0,9.0,,0.9,,77.9,-11.3
264,Kendrick Bourne,WR,,,,,,31.0,344.0,2.0,34.4,,,,,,77.4,6.1
265,Calvin Ridley,WR,,,,,,27.0,377.0,2.0,37.7,1.0,6.0,,0.6,,77.3,0.0
266,Theo Johnson,TE,,,,,,31.0,340.0,2.0,34.0,,,,,,77.0,0.0
267,TEN,DEF,,,,,,,,,,,,,,,77.0,0.0
268,Dawson Knox,TE,,,,,,28.0,304.0,3.0,30.4,,,,,,76.4,0.0
269,Colby Parkinson,TE,,,,,,29.0,293.0,3.0,29.3,,,,,,76.3,-2.5
270,Olamide Zaccheaus,WR,,,,,,30.0,326.0,2.0,32.6,2.0,12.0,,1.2,,75.8,0.0
271,Antonio Williams,WR,,,,,,28.0,339.0,2.0,33.9,2.0,13.0,,1.3,,75.2,0.0
272,Matt Gay,K,,,,,,,,,,,,,,,75.0,0.0
273,LV,DEF,,,,,,,,,,,,,,,75.0,0.0
274,ARI,DEF,,,,,,,,,,,,,,,75.0,0.0
275,NYJ,DEF,,,,,,,,,,,,,,,74.0,0.0
276,Elijah Arroyo,TE,,,,,,29.0,312.0,2.0,31.2,,,,,,72.2,0.0
277,MIA,DEF,,,,,,,,,,,,,,,72.0,0.0
278,KaVontae Turpin,WR,,,,,,21.0,268.0,2.0,26.8,14.0,77.0,1.0,7.7,1.0,71.5,0.0
279,Jahan Dotson,WR,,,,,,26.0,316.0,2.0,31.6,2.0,16.0,,1.6,,71.2,7.3
280,Jake Tonges,TE,,,,,,30.0,288.0,2.0,28.8,,,,,,70.8,0.0
281,Evan Engram,TE,,,,,,31.0,277.0,2.0,27.7,,,,,,70.7,0.0
282,Dontayvion Wicks,WR,,,,,,26.0,316.0,2.0,31.6,1.0,8.0,,0.8,,70.4,0.0
283,Trey Smack,K,,,,,,,,,,,,,,,70.0,0.0
284,Marvin Mims,WR,,,,,,27.0,293.0,2.0,29.3,6.0,36.0,,3.6,1.0,69.9,0.0
285,Brian Robinson,RB,,,,,,13.0,91.0,,9.1,87.0,358.0,2.0,35.8,,69.9,0.0
286,Samaje Perine,RB,,,,,,14.0,103.0,1.0,10.3,66.0,275.0,2.0,27.5,,69.8,12.2
287,Tyler Allgeier,RB,,,,,,8.0,54.0,,5.4,95.0,400.0,3.0,40.0,1.0,69.4,0.0
288,Tank Dell,WR,,,,,,24.0,317.0,2.0,31.7,3.0,17.0,,1.7,,69.4,0.0
289,DeMario Douglas,WR,,,,,,24.0,300.0,2.0,30.0,4.0,28.0,,2.8,,68.8,9.5
290,Justice Hill,RB,,,,,,24.0,176.0,1.0,17.6,33.0,141.0,1.0,14.1,,67.7,0.0
291,Marquise Brown,WR,,,,,,25.0,305.0,2.0,30.5,,,,,,67.5,0.0
292,Zach Charbonnet,RB,,,,,,11.0,78.0,1.0,7.8,65.0,264.0,3.0,26.4,1.0,67.2,0.0
293,Chris Bell,WR,,,,,,25.0,299.0,2.0,29.9,1.0,3.0,,0.3,,67.2,-24.0
294,Troy Franklin,WR,,,,,,24.0,287.0,2.0,28.7,2.0,14.0,,1.4,,66.1,-19.5
295,Xavier Legette,WR,,,,,,24.0,290.0,2.0,29.0,1.0,10.0,,1.0,,66.0,0.0
296,Emmett Johnson,RB,,,,,,12.0,86.0,1.0,8.6,67.0,286.0,2.0,28.6,1.0,65.2,0.0
297,Tank Bigsby,RB,,,,,,8.0,59.0,,5.9,82.0,353.0,3.0,35.3,1.0,65.2,0.0
298,Ray Davis,RB,,,,,,9.0,68.0,,6.8,73.0,313.0,3.0,31.3,,65.1,0.0
299,Jonah Coleman,RB,,,,,,10.0,75.0,1.0,7.5,72.0,304.0,2.0,30.4,1.0,63.9,0.0
300,Nicholas Singleton,RB,,,,,,12.0,87.0,1.0,8.7,65.0,270.0,2.0,27.0,1.0,63.7,0.0
301,Skyler Bell,WR,,,,,,22.0,291.0,2.0,29.1,1.0,5.0,,0.5,,63.6,-28.6
302,Barion Brown,WR,,,,,,22.0,290.0,2.0,29.0,,,,,,63.0,31.5
303,Alvin Kamara,RB,,,,,,20.0,145.0,1.0,14.5,45.0,185.0,1.0,18.5,1.0,63.0,0.0
304,Isaiah Bond,WR,,,,,,22.0,269.0,2.0,26.9,3.0,19.0,,1.9,,62.8,-9.0
305,Tyquan Thornton,WR,,,,,,20.0,306.0,2.0,30.6,,,,,,62.6,0.0
306,Mike Washington,RB,,,,,,9.0,69.0,1.0,6.9,66.0,281.0,2.0,28.1,,62.0,0.0
307,Will Kacmarek,TE,,,,,,25.0,246.0,2.0,24.6,,,,,,61.6,0.0
308,Elijah Sarratt,WR,,,,,,22.0,270.0,2.0,27.0,1.0,4.0,,0.4,,61.4,-27.7
309,Malik Benson,WR,,,,,,21.0,276.0,2.0,27.6,,,,,,60.6,0.0
310,Isaiah Davis,RB,,,,,,13.0,94.0,,9.4,62.0,261.0,2.0,26.1,,60.5,0.0
311,Kimani Vidal,RB,,,,,,14.0,97.0,,9.7,60.0,243.0,2.0,24.3,,60.0,0.0
312,Zane Gonzalez,K,,,,,,,,,,,,,,,60.0,0.0
313,Mack Hollins,WR,,,,,,21.0,263.0,2.0,26.3,1.0,6.0,,0.6,,59.9,0.0
314,Jordan James,RB,,,,,,11.0,80.0,,8.0,68.0,287.0,2.0,28.7,,59.7,0.0
315,Josh Cameron,WR,,,,,,21.0,244.0,2.0,24.4,4.0,22.0,,2.2,,59.6,0.0
316,Noah Gray,TE,,,,,,24.0,231.0,2.0,23.1,,,,,,59.1,0.0
317,Darnell Mooney,WR,,,,,,19.0,273.0,2.0,27.3,1.0,3.0,,0.3,,58.6,0.0
318,Justin Joly,TE,,,,,,23.0,230.0,2.0,23.0,,,,,,58.0,0.0
319,David Njoku,TE,,,,,,23.0,230.0,2.0,23.0,,,,,,58.0,-21.7
320,Joe Royer,TE,,,,,,23.0,228.0,2.0,22.8,,,,,,57.8,0.0
321,Zavion Thomas,WR,,,,,,20.0,252.0,2.0,25.2,,,,,,57.2,0.0
322,James Conner,RB,,,,,,11.0,82.0,1.0,8.2,53.0,220.0,2.0,22.0,1.0,57.2,0.0
323,Elic Ayomanor,WR,,,,,,20.0,247.0,2.0,24.7,,,,,,56.7,0.0
324,Jaydon Blue,RB,,,,,,9.0,67.0,,6.7,68.0,289.0,2.0,28.9,,56.6,11.7
325,Emanuel Wilson,RB,,,,,,11.0,86.0,,8.6,61.0,249.0,2.0,24.9,,56.5,0.0
326,Chris Brooks,RB,,,,,,14.0,100.0,,10.0,50.0,203.0,2.0,20.3,,56.3,0.0
327,LeQuint Allen,RB,,,,,,18.0,127.0,1.0,12.7,33.0,135.0,1.0,13.5,,56.2,0.0
328,Max Klare,TE,,,,,,22.0,221.0,2.0,22.1,,,,,,56.1,0.0
329,Dominic Zvada,K,,,,,,,,,,,,,,,56.0,0.0
330,Ty Johnson,RB,,,,,,17.0,131.0,1.0,13.1,32.0,137.0,1.0,13.7,,55.8,0.0
331,Carson Beck,QB,124.0,77.0,5.0,778.0,4.0,,,,,12.0,38.0,1.0,3.8,1.0,54.92,0.0
332,Calvin Austin,WR,,,,,,21.0,261.0,1.0,26.1,3.0,17.0,,1.7,,54.8,11.4
333,Isiah Pacheco,RB,,,,,,10.0,73.0,,7.3,67.0,263.0,2.0,26.3,1.0,53.6,0.0
334,Jack Endries,TE,,,,,,21.0,203.0,2.0,20.3,,,,,,53.3,0.0
335,Sean Tucker,RB,,,,,,8.0,57.0,,5.7,66.0,288.0,2.0,28.8,1.0,52.5,0.0
336,Braelon Allen,RB,,,,,,10.0,69.0,,6.9,57.0,233.0,2.0,23.3,,52.2,0.0
337,Daniel Carlson,K,,,,,,,,,,,,,,,52.0,0.0
338,MarShawn Lloyd,RB,,,,,,7.0,47.0,,4.7,68.0,281.0,2.0,28.1,,51.8,0.0
339,Brandon Aiyuk,WR,,,,,,16.0,213.0,2.0,21.3,,3.0,,0.3,,49.6,0.0
340,John Metchie,WR,,,,,,20.0,220.0,1.0,22.0,1.0,8.0,,0.8,,48.8,0.0
341,Greg Dortch,WR,,,,,,21.0,215.0,1.0,21.5,3.0,16.0,,1.6,1.0,48.1,22.4
342,Christian Kirk,WR,,,,,,19.0,205.0,1.0,20.5,1.0,9.0,,0.9,,46.4,0.0
343,Brandon McManus,K,,,,,,,,,,,,,,,46.0,0.0
344,Kaytron Allen,RB,,,,,,8.0,59.0,,5.9,53.0,220.0,2.0,22.0,1.0,45.9,0.0
345,Jaylen Wright,RB,,,,,,6.0,38.0,,3.8,53.0,223.0,2.0,22.3,,44.1,0.0
346,Kaelon Black,RB,,,,,,6.0,43.0,,4.3,49.0,200.0,2.0,20.0,,42.3,0.0
347,Elijah Higgins,TE,,,,,,18.0,179.0,1.0,17.9,,,,,,41.9,0.0
348,Konata Mumpfield,WR,,,,,,16.0,197.0,1.0,19.7,,,,,,41.7,0.0
349,Ben Sauls,K,,,,,,,,,,,,,,,41.0,0.0
350,Luke Musgrave,TE,,,,,,17.0,176.0,1.0,17.6,,,,,,40.6,0.0
351,John Michael Gyllenborg,TE,,,,,,11.0,114.0,1.0,11.4,,,,,,40.4,0.0
352,Daniel Bellinger,TE,,,,,,17.0,171.0,1.0,17.1,,,,,,40.1,0.0
353,Oscar Delp,TE,,,,,,17.0,164.0,1.0,16.4,,,,,,39.4,0.0
354,CJ Daniels,WR,,,,,,15.0,177.0,1.0,17.7,1.0,6.0,,0.6,,39.3,0.0
355,Kirk Cousins,QB,98.0,63.0,5.0,639.0,3.0,,,,,5.0,6.0,,0.6,2.0,39.16,0.0
356,Brenen Thompson,WR,,,,,,14.0,190.0,1.0,19.0,,,,,,39.0,0.0
357,Bryce Lance,WR,,,,,,15.0,177.0,1.0,17.7,,,,,,38.7,0.0
358,Rasheen Ali,RB,,,,,,12.0,87.0,,8.7,29.0,120.0,1.0,12.0,,38.7,0.0
359,Charlie Kolar,TE,,,,,,16.0,162.0,1.0,16.2,1.0,2.0,,0.2,,38.4,0.0
360,Tez Johnson,WR,,,,,,14.0,174.0,1.0,17.4,2.0,10.0,,1.0,,38.4,0.0
361,Emari Demercado,RB,,,,,,12.0,83.0,,8.3,29.0,120.0,1.0,12.0,,38.3,0.0
362,Demarcus Robinson,WR,,,,,,14.0,181.0,1.0,18.1,,,,,,38.1,0.0
363,Jaylin Lane,WR,,,,,,14.0,163.0,1.0,16.3,2.0,14.0,,1.4,,37.7,0.0
364,Riley Patterson,K,,,,,,,,,,,,,,,37.0,0.0
365,Zach Ertz,TE,,,,,,16.0,147.0,1.0,14.7,,,,,,36.7,0.0
366,Noah Fant,TE,,,,,,15.0,156.0,1.0,15.6,,,,,,36.6,0.0
367,Seth McGowan,RB,,,,,,7.0,49.0,,4.9,44.0,184.0,1.0,18.4,,36.3,0.0
368,Trevor Etienne,RB,,,,,,8.0,58.0,,5.8,40.0,164.0,1.0,16.4,,36.2,5.1
369,Jonnu Smith,TE,,,,,,15.0,139.0,1.0,13.9,2.0,10.0,,1.0,,35.9,0.0
370,KeAndre Lambert-Smith,WR,,,,,,13.0,159.0,1.0,15.9,1.0,6.0,,0.6,,35.5,0.0
371,Treylon Burks,WR,,,,,,12.0,152.0,1.0,15.2,3.0,16.0,,1.6,,34.8,0.0
372,Justin Fields,QB,55.0,34.0,2.0,363.0,2.0,,,,,18.0,102.0,1.0,10.2,1.0,34.72,0.0
373,Jalen Tolbert,WR,,,,,,13.0,152.0,1.0,15.2,,,,,,34.2,0.0
374,Jalen Royals,WR,,,,,,13.0,143.0,1.0,14.3,1.0,6.0,,0.6,,33.9,-6.8
375,Will Shipley,RB,,,,,,10.0,73.0,,7.3,25.0,105.0,1.0,10.5,,33.8,0.0
376,Michael Trigg,TE,,,,,,14.0,138.0,1.0,13.8,,,,,,33.8,0.0
377,Malik Davis,RB,,,,,,6.0,39.0,,3.9,44.0,178.0,1.0,17.8,,33.7,0.0
378,Sam Roush,TE,,,,,,14.0,135.0,1.0,13.5,,,,,,33.5,0.0
379,Austin Hooper,TE,,,,,,14.0,132.0,1.0,13.2,,,,,,33.2,0.0
380,Cade Stover,TE,,,,,,14.0,130.0,1.0,13.0,2.0,2.0,,0.2,,33.2,0.0
381,Austin Ekeler,RB,,,,,,9.0,63.0,,6.3,28.0,118.0,1.0,11.8,,33.1,0.0
382,Eli Raridon,TE,,,,,,14.0,130.0,1.0,13.0,,,,,,33.0,0.0
383,Tyler Higbee,TE,,,,,,14.0,129.0,1.0,12.9,,,,,,32.9,0.0
384,Tanner Koziol,TE,,,,,,14.0,128.0,1.0,12.8,,,,,,32.8,0.0
385,Joshua Palmer,WR,,,,,,12.0,146.0,1.0,14.6,,,,,,32.6,0.0
386,Xavier Hutchinson,WR,,,,,,12.0,145.0,1.0,14.5,,,,,,32.5,0.0
387,Kevin Coleman,WR,,,,,,12.0,144.0,1.0,14.4,,,,,,32.4,0.0
388,Kaleb Johnson,RB,,,,,,5.0,36.0,,3.6,42.0,174.0,1.0,17.4,,32.0,0.0
389,Savion Williams,WR,,,,,,10.0,118.0,1.0,11.8,6.0,42.0,,4.2,,32.0,0.0
390,Devin Neal,RB,,,,,,7.0,49.0,,4.9,39.0,160.0,1.0,16.0,1.0,31.9,0.0
391,Jackson Hawes,TE,,,,,,13.0,129.0,1.0,12.9,,,,,,31.9,0.0
392,John Bates,TE,,,,,,13.0,128.0,1.0,12.8,,,,,,31.8,0.0
393,Matt Hibner,TE,,,,,,13.0,128.0,1.0,12.8,,,,,,31.8,0.0
394,Tommy Tremble,TE,,,,,,13.0,128.0,1.0,12.8,,,,,,31.8,0.0
395,Drew Sample,TE,,,,,,13.0,126.0,1.0,12.6,,,,,,31.6,0.0
396,Jaren Kanak,TE,,,,,,13.0,126.0,1.0,12.6,,,,,,31.6,0.0
397,Miles Kitselman,TE,,,,,,13.0,126.0,1.0,12.6,,,,,,31.6,0.0
398,Lance Mason,TE,,,,,,13.0,126.0,1.0,12.6,,,,,,31.6,0.0
399,Luke Schoonmaker,TE,,,,,,13.0,124.0,1.0,12.4,,,,,,31.4,0.0
400,Josh Oliver,TE,,,,,,13.0,124.0,1.0,12.4,,,,,,31.4,0.0
401,Isaiah Williams,WR,,,,,,12.0,135.0,1.0,13.5,3.0,18.0,,1.8,1.0,31.3,0.0
402,Kyle Williams,WR,,,,,,10.0,148.0,1.0,14.8,1.0,4.0,,0.4,,31.2,0.0
403,Colbie Young,WR,,,,,,11.0,140.0,1.0,14.0,,,,,,31.0,0.0
404,J'Mari Taylor,RB,,,,,,5.0,37.0,,3.7,38.0,160.0,1.0,16.0,,30.7,0.0
405,Taylen Green,QB,53.0,32.0,2.0,335.0,2.0,,,,,15.0,69.0,1.0,6.9,1.0,30.3,0.0
406,Jimmy Horn,WR,,,,,,10.0,124.0,1.0,12.4,3.0,18.0,,1.8,,30.2,0.0
407,Aaron Anderson,WR,,,,,,11.0,132.0,1.0,13.2,,,,,,30.2,0.0
408,Eric McAlister,WR,,,,,,11.0,131.0,1.0,13.1,,,,,,30.1,0.0
409,Adam Randall,RB,,,,,,8.0,58.0,,5.8,25.0,103.0,1.0,10.3,,30.1,0.0
410,DJ Giddens,RB,,,,,,6.0,43.0,,4.3,33.0,137.0,1.0,13.7,,30.0,0.0
411,Devontez Walker,WR,,,,,,10.0,133.0,1.0,13.3,1.0,6.0,,0.6,,29.9,17.7
412,Marlin Klein,TE,,,,,,12.0,115.0,1.0,11.5,,,,,,29.5,0.0
413,Nick Westbrook-Ikhine,WR,,,,,,10.0,135.0,1.0,13.5,,,,,,29.5,2.8
414,Eric Rivers,WR,,,,,,11.0,124.0,1.0,12.4,,,,,,29.4,0.0
415,Brevyn Spann-Ford,TE,,,,,,12.0,114.0,1.0,11.4,,,,,,29.4,0.0
416,Tai Felton,WR,,,,,,10.0,126.0,1.0,12.6,1.0,6.0,,0.6,,29.2,0.0
417,Brandin Cooks,WR,,,,,,10.0,128.0,1.0,12.8,,,,,,28.8,0.0
418,Joe Flacco,QB,69.0,44.0,3.0,448.0,2.0,,,,,4.0,8.0,,0.8,,28.72,0.0
419,Tyler Lockett,WR,,,,,,11.0,113.0,1.0,11.3,,,,,,28.3,0.0
420,Odell Beckham,WR,,,,,,10.0,120.0,1.0,12.0,,,,,,28.0,0.0
421,Gardner Minshew,QB,60.0,38.0,3.0,394.0,2.0,,,,,6.0,22.0,,2.2,,27.96,0.0
422,Nick Chubb,RB,,,,,,5.0,31.0,,3.1,35.0,138.0,1.0,13.8,,27.9,0.0
423,Josh Cuevas,TE,,,,,,11.0,108.0,1.0,10.8,,,,,,27.8,0.0
424,Adam Trautman,TE,,,,,,11.0,108.0,1.0,10.8,,,,,,27.8,0.0
425,Kalif Raymond,WR,,,,,,9.0,116.0,1.0,11.6,2.0,11.0,,1.1,,27.7,0.0
426,Ben Sinnott,TE,,,,,,11.0,105.0,1.0,10.5,,,,,,27.5,0.0
427,Nate Boerkircher,TE,,,,,,11.0,104.0,1.0,10.4,,,,,,27.4,0.0
428,Brock Wright,TE,,,,,,11.0,103.0,1.0,10.3,,,,,,27.3,0.0
429,Trey Benson,RB,,,,,,3.0,22.0,1.0,2.2,30.0,120.0,1.0,12.0,1.0,27.2,0.0
430,Derek Carr,QB,66.0,43.0,3.0,447.0,2.0,,,,,4.0,13.0,,1.3,1.0,27.18,0.0
431,Will Dissly,TE,,,,,,11.0,100.0,1.0,10.0,,,,,,27.0,0.0
432,Jawhar Jordan,RB,,,,,,5.0,33.0,,3.3,31.0,127.0,1.0,12.7,,27.0,0.0
433,David Sills,WR,,,,,,9.0,113.0,1.0,11.3,1.0,6.0,,0.6,,26.9,0.0
434,Marquez Valdes-Scantling,WR,,,,,,8.0,123.0,1.0,12.3,1.0,6.0,,0.6,,26.9,0.0
435,Roman Wilson,WR,,,,,,9.0,118.0,1.0,11.8,,,,,,26.8,0.0
436,Mac Jones,QB,62.0,41.0,3.0,423.0,2.0,,,,,5.0,18.0,,1.8,1.0,26.72,0.0
437,Najee Harris,RB,,,,,,5.0,36.0,,3.6,30.0,117.0,1.0,11.7,,26.3,0.0
438,Jerome Ford,RB,,,,,,6.0,44.0,,4.4,24.0,99.0,1.0,9.9,,26.3,0.0
439,Reggie Virgil,WR,,,,,,9.0,111.0,1.0,11.1,,,,,,26.1,19.5
440,Jermaine Burton,WR,,,,,,8.0,114.0,1.0,11.4,1.0,6.0,,0.6,,26.0,0.0
441,Jahdae Walker,WR,,,,,,9.0,109.0,1.0,10.9,,,,,,25.9,0.0
442,Grant Calcaterra,TE,,,,,,10.0,96.0,1.0,9.6,,,,,,25.6,0.0
443,Desmond Reid,RB,,,,,,4.0,31.0,,3.1,29.0,122.0,1.0,12.2,,25.3,0.0
444,George Holani,RB,,,,,,4.0,29.0,,2.9,30.0,123.0,1.0,12.3,,25.2,0.0
445,Ja'Tavion Sanders,TE,,,,,,10.0,89.0,1.0,8.9,,,,,,24.9,-12.9
446,Demond Claiborne,RB,,,,,,4.0,30.0,,3.0,29.0,138.0,1.0,13.8,1.0,24.8,-8.7
447,Tahj Brooks,RB,,,,,,3.0,22.0,,2.2,33.0,132.0,1.0,13.2,,24.4,0.0
448,Kareem Hunt,RB,,,,,,3.0,22.0,,2.2,35.0,130.0,1.0,13.0,,24.2,0.0
449,Xavier Smith,WR,,,,,,7.0,95.0,1.0,9.5,3.0,16.0,,1.6,,24.1,0.0
450,Lil'Jordan Humphrey,WR,,,,,,8.0,100.0,1.0,10.0,,,,,,24.0,0.0
451,Cade Klubnik,QB,61.0,38.0,2.0,400.0,2.0,,,,,5.0,20.0,,2.0,,24.0,0.0
452,Jordan Whittington,WR,,,,,,8.0,87.0,1.0,8.7,1.0,6.0,,0.6,,23.3,0.0
453,Deion Burks,WR,,,,,,8.0,91.0,1.0,9.1,,2.0,,0.2,,23.3,-4.3
454,Ollie Gordon,RB,,,,,,3.0,22.0,,2.2,30.0,120.0,1.0,12.0,,23.2,0.0
455,Audric Estime,RB,,,,,,3.0,17.0,,1.7,30.0,119.0,1.0,11.9,,22.6,0.0
456,Will Howard,QB,64.0,40.0,2.0,410.0,2.0,,,,,5.0,21.0,,2.1,1.0,22.5,0.0
457,Drew Allar,QB,62.0,39.0,2.0,398.0,2.0,,,,,5.0,21.0,,2.1,1.0,22.02,0.0
458,Graham Gano,K,,,,,,,,,,,,,,,22.0,0.0
459,Drew Stevens,K,,,,,,,,,,,,,,,22.0,0.0
460,Michael Badgley,K,,,,,,,,,,,,,,,22.0,0.0
461,Younghoe Koo,K,,,,,,,,,,,,,,,22.0,0.0
462,Matt Prater,K,,,,,,,,,,,,,,,22.0,0.0
463,Dameon Pierce,RB,,,,,,3.0,22.0,,2.2,25.0,106.0,1.0,10.6,,21.8,0.0
464,Anthony Richardson,QB,28.0,16.0,1.0,193.0,1.0,,,,,8.0,46.0,1.0,4.6,,21.32,0.0
465,Isaac Guerendo,RB,,,,,,2.0,16.0,,1.6,28.0,116.0,1.0,11.6,,21.2,0.0
466,Jam Miller,RB,,,,,,3.0,22.0,,2.2,22.0,92.0,1.0,9.2,,20.4,0.0
467,Brashard Smith,RB,,,,,,4.0,32.0,,3.2,16.0,67.0,1.0,6.7,,19.9,0.0
468,J.J. McCarthy,QB,32.0,20.0,1.0,213.0,1.0,,,,,5.0,21.0,1.0,2.1,,19.62,0.0
469,Mitchell Evans,TE,,,,,,8.0,77.0,,7.7,,,,,,15.7,-16.2
470,Tip Reiman,TE,,,,,,8.0,74.0,,7.4,,,,,,15.4,0.0
471,Mo Alie-Cox,TE,,,,,,8.0,74.0,,7.4,,,,,,15.4,0.0
472,Connor Heyward,TE,,,,,,4.0,33.0,,3.3,7.0,14.0,1.0,1.4,,14.7,0.0
473,Trey Lance,QB,29.0,18.0,1.0,183.0,1.0,,,,,8.0,43.0,,4.3,,14.62,0.0
474,Jalen Milroe,QB,26.0,16.0,1.0,164.0,1.0,,,,,8.0,43.0,,4.3,,13.86,0.0
475,Tim Patrick,WR,,,,,,6.0,77.0,,7.7,,,,,,13.7,0.0
476,Ty Simpson,QB,32.0,20.0,1.0,218.0,1.0,,,,,5.0,19.0,,1.9,,13.62,0.0
477,Marcus Mariota,QB,29.0,19.0,1.0,188.0,1.0,,,,,4.0,26.0,,2.6,,13.12,0.0
478,Cade York,K,,,,,,,,,,,,,,,13.0,0.0
479,Tyrod Taylor,QB,32.0,20.0,1.0,205.0,1.0,,,,,4.0,17.0,,1.7,,12.9,0.0
480,Jameis Winston,QB,32.0,20.0,1.0,214.0,1.0,,,,,3.0,13.0,,1.3,,12.86,0.0
481,Will Levis,QB,32.0,20.0,1.0,205.0,1.0,,,,,4.0,15.0,,1.5,,12.7,0.0
482,Spencer Rattler,QB,32.0,20.0,1.0,202.0,1.0,,,,,4.0,16.0,,1.6,,12.68,0.0
483,Tyler Huntley,QB,28.0,18.0,1.0,182.0,1.0,,,,,4.0,24.0,,2.4,,12.68,0.0
484,Diego Pavia,QB,29.0,18.0,1.0,183.0,1.0,,,,,4.0,22.0,,2.2,,12.52,0.0
485,Tyson Bagent,QB,31.0,19.0,1.0,195.0,1.0,,,,,4.0,17.0,,1.7,,12.5,0.0
486,Raheem Mostert,RB,,,,,,5.0,33.0,,3.3,10.0,42.0,,4.2,,12.5,0.0
487,Riley Leonard,QB,29.0,18.0,1.0,196.0,1.0,,,,,4.0,16.0,,1.6,,12.44,0.0
488,Carson Wentz,QB,32.0,20.0,1.0,221.0,1.0,,,,,2.0,6.0,,0.6,,12.44,0.0
489,Tanner McKee,QB,31.0,19.0,1.0,198.0,1.0,,,,,4.0,15.0,,1.5,,12.42,0.0
490,Clayton Tune,QB,31.0,19.0,1.0,195.0,1.0,,,,,4.0,16.0,,1.6,,12.4,0.0
491,Quinn Ewers,QB,31.0,19.0,1.0,195.0,1.0,,,,,4.0,16.0,,1.6,,12.4,0.0
492,Joshua Dobbs,QB,31.0,19.0,1.0,195.0,1.0,,,,,4.0,16.0,,1.6,,12.4,0.0
493,Joe Milton,QB,31.0,19.0,1.0,195.0,1.0,,,,,4.0,16.0,,1.6,,12.4,0.0
494,Tommy DeVito,QB,30.0,19.0,1.0,202.0,1.0,,,,,4.0,13.0,,1.3,,12.38,0.0
495,Jimmy Garoppolo,QB,33.0,21.0,1.0,218.0,1.0,,,,,2.0,6.0,,0.6,,12.32,0.0
496,Devin Singletary,RB,,,,,,5.0,32.0,,3.2,10.0,41.0,,4.1,,12.3,0.0
497,Jarrett Stidham,QB,31.0,19.0,1.0,198.0,1.0,,,,,2.0,13.0,,1.3,,12.22,0.0
498,Davis Mills,QB,33.0,20.0,1.0,211.0,1.0,,,,,2.0,6.0,,0.6,,12.04,0.0
499,Nick Mullens,QB,33.0,20.0,1.0,211.0,1.0,,,,,2.0,6.0,,0.6,,12.04,0.0
500,Kyle Allen,QB,31.0,19.0,1.0,195.0,1.0,,,,,2.0,12.0,,1.2,,12.0,0.0
501,Ty Chandler,RB,,,,,,6.0,39.0,,3.9,5.0,21.0,,2.1,,12.0,0.0
502,Mitchell Trubisky,QB,29.0,18.0,1.0,186.0,1.0,,,,,4.0,15.0,,1.5,,11.94,0.0
503,Dillon Gabriel,QB,30.0,19.0,1.0,189.0,1.0,,,,,2.0,13.0,,1.3,,11.86,0.0
504,Andy Dalton,QB,33.0,21.0,1.0,208.0,1.0,,,,,2.0,5.0,,0.5,,11.82,0.0
505,Mason Rudolph,QB,32.0,20.0,1.0,202.0,1.0,,,,,2.0,6.0,,0.6,,11.68,0.0
506,Teddy Bridgewater,QB,32.0,20.0,1.0,202.0,1.0,,,,,2.0,5.0,,0.5,,11.58,0.0
507,Jaydn Ott,RB,,,,,,3.0,19.0,,1.9,15.0,63.0,,6.3,,11.2,0.0
508,Tutu Atwell,WR,,,,,,4.0,62.0,,6.2,1.0,5.0,,0.5,,10.7,-23.0
509,Luke Farrell,TE,,,,,,5.0,51.0,,5.1,,,,,,10.1,0.0
510,Durham Smythe,TE,,,,,,5.0,49.0,,4.9,,,,,,9.9,0.0
511,Bo Melton,WR,,,,,,4.0,52.0,,5.2,1.0,6.0,,0.6,,9.8,0.0
512,Foster Moreau,TE,,,,,,5.0,48.0,,4.8,,,,,,9.8,0.0
513,Jarquez Hunter,RB,,,,,,2.0,13.0,,1.3,15.0,63.0,,6.3,,9.6,0.0
514,Riley Nowakowski,TE,,,,,,5.0,46.0,,4.6,,,,,,9.6,0.0
515,Taysom Hill,TE,,,,,,4.0,35.0,,3.5,5.0,20.0,,2.0,,9.5,0.0
516,Jeremy McNichols,RB,,,,,,3.0,22.0,,2.2,10.0,42.0,,4.2,,9.4,0.0
517,Elijah Mitchell,RB,,,,,,2.0,14.0,,1.4,14.0,59.0,,5.9,,9.3,0.0
518,Noah Brown,WR,,,,,,4.0,53.0,,5.3,,,,,,9.3,-12.5
519,Jeremy Ruckert,TE,,,,,,5.0,43.0,,4.3,,,,,,9.3,0.0
520,Luke McCaffrey,WR,,,,,,4.0,53.0,,5.3,,,,,,9.3,0.0
521,Isaiah Hodgins,WR,,,,,,4.0,52.0,,5.2,,,,,,9.2,0.0
522,Theo Wease,WR,,,,,,4.0,49.0,,4.9,,,,,,8.9,-58.7
523,Cody White,WR,,,,,,4.0,45.0,,4.5,,,,,,8.5,0.0
524,Dean Connors,RB,,,,,,2.0,18.0,,1.8,11.0,46.0,,4.6,,8.4,0.0
525,Tyler Badie,RB,,,,,,4.0,28.0,,2.8,4.0,16.0,,1.6,,8.4,0.0
526,Lucas Krull,TE,,,,,,4.0,41.0,,4.1,,,,,,8.1,0.0
527,Payne Durham,TE,,,,,,4.0,41.0,,4.1,,,,,,8.1,0.0
528,Michael Carter,RB,,,,,,3.0,22.0,,2.2,7.0,29.0,,2.9,,8.1,0.0
529,Seydou Traore,TE,,,,,,4.0,40.0,,4.0,,,,,,8.0,0.0
530,Quintin Morris,TE,,,,,,4.0,40.0,,4.0,,,,,,8.0,0.0
531,Charlie Woerner,TE,,,,,,4.0,40.0,,4.0,,,,,,8.0,0.0
532,Roschon Johnson,RB,,,,,,2.0,14.0,,1.4,10.0,42.0,,4.2,,7.6,0.0
533,Dare Ogunbowale,RB,,,,,,4.0,27.0,,2.7,2.0,8.0,,0.8,,7.5,0.0
534,Pierre Strong,RB,,,,,,2.0,14.0,,1.4,10.0,41.0,,4.1,,7.5,0.0
535,Jack Stoll,TE,,,,,,4.0,35.0,,3.5,,,,,,7.5,0.0
536,Jaleel McLaughlin,RB,,,,,,2.0,15.0,,1.5,10.0,40.0,,4.0,,7.5,0.0
537,Dallin Holker,TE,,,,,,4.0,35.0,,3.5,,,,,,7.5,0.0
538,Tucker Fisk,TE,,,,,,4.0,35.0,,3.5,,,,,,7.5,0.0
539,Damien Martinez,RB,,,,,,2.0,14.0,,1.4,10.0,41.0,,4.1,,7.5,0.0
540,Devin Culp,TE,,,,,,4.0,33.0,,3.3,,,,,,7.3,0.0
541,Jack Velling,TE,,,,,,4.0,33.0,,3.3,,,,,,7.3,0.0
542,Dante Pettis,WR,,,,,,3.0,37.0,,3.7,1.0,6.0,,0.6,,7.3,0.0
543,Ronnie Rivers,RB,,,,,,3.0,20.0,,2.0,5.0,21.0,,2.1,,7.1,0.0
544,Arian Smith,WR,,,,,,3.0,35.0,,3.5,1.0,6.0,,0.6,,7.1,0.0
545,Xavier Weaver,WR,,,,,,3.0,35.0,,3.5,1.0,6.0,,0.6,,7.1,0.0
546,Van Jefferson,WR,,,,,,3.0,38.0,,3.8,,,,,,6.8,0.0
547,Malachi Corley,WR,,,,,,2.0,20.0,,2.0,5.0,28.0,,2.8,,6.8,0.0
548,Darius Cooper,WR,,,,,,3.0,37.0,,3.7,,,,,,6.7,0.0
549,Phil Mafah,RB,5.0,,,,,2.0,15.0,,1.5,8.0,32.0,,3.2,,6.7,0.0
550,Trebor Pena,WR,,,,,,3.0,36.0,,3.6,,,,,,6.6,0.0
551,Cedric Tillman,WR,,,,,,3.0,36.0,,3.6,,,,,,6.6,0.0
552,Noah Thomas,WR,,,,,,3.0,36.0,,3.6,,,,,,6.6,0.0
553,Chase Roberts,WR,,,,,,3.0,36.0,,3.6,,,,,,6.6,0.0
554,Dane Key,WR,,,,,,3.0,36.0,,3.6,,,,,,6.6,0.0
555,Jalen Brooks,WR,,,,,,3.0,35.0,,3.5,,,,,,6.5,0.0
556,Josh Reynolds,WR,,,,,,3.0,35.0,,3.5,,,,,,6.5,0.0
557,Tyler Johnson,WR,,,,,,3.0,35.0,,3.5,,,,,,6.5,0.0
558,Kevin Austin,WR,,,,,,3.0,34.0,,3.4,,1.0,,0.1,,6.5,-24.4
559,Allen Lazard,WR,,,,,,3.0,34.0,,3.4,,,,,,6.4,0.0
560,Josh Whyle,TE,,,,,,3.0,32.0,,3.2,,,,,,6.2,0.0
561,Brevin Jordan,TE,,,,,,4.0,21.0,,2.1,,,,,,6.1,0.0
562,Lenny Krieg,K,,,,,,,,,,,,,,,6.0,0.0
563,Will Ferrin,K,,,,,,,,,,,,,,,6.0,0.0
564,Davis Allen,TE,,,,,,3.0,29.0,,2.9,,,,,,5.9,0.0
565,Tanner Hudson,TE,,,,,,3.0,28.0,,2.8,,,,,,5.8,0.0
566,Eric Saubert,TE,,,,,,3.0,27.0,,2.7,,,,,,5.7,0.0
567,Stone Smartt,TE,,,,,,3.0,27.0,,2.7,,,,,,5.7,0.0
568,Nate Adkins,TE,,,,,,3.0,27.0,,2.7,,,,,,5.7,0.0
569,Kendre Miller,RB,,,,,,2.0,16.0,,1.6,5.0,20.0,,2.0,,5.6,0.0
570,Zavier Scott,RB,,,,,,2.0,15.0,,1.5,5.0,21.0,,2.1,,5.6,-5.5
571,Kalel Mullings,RB,,,,,,2.0,16.0,,1.6,5.0,20.0,,2.0,,5.6,0.0
572,Julian Hill,TE,,,,,,3.0,26.0,,2.6,,,,,,5.6,0.0
573,Julius Chestnut,RB,,,,,,2.0,16.0,,1.6,5.0,20.0,,2.0,,5.6,0.0
574,Drew Ogletree,TE,,,,,,3.0,24.0,,2.4,,,,,,5.4,0.0
575,Curtis Samuel,WR,,,,,,2.0,27.0,,2.7,1.0,6.0,,0.6,,5.3,0.0
576,Kenny McIntosh,RB,,,,,,2.0,16.0,,1.6,4.0,16.0,,1.6,,5.2,0.0
577,Cam Akers,RB,,,,,,2.0,15.0,,1.5,4.0,16.0,,1.6,,5.1,0.0
578,Dylan Laube,RB,,,,,,2.0,10.0,,1.0,5.0,21.0,,2.1,,5.1,0.0
579,Zamir White,RB,,,,,,2.0,10.0,,1.0,5.0,21.0,,2.1,,5.1,0.0
580,Dee Eskridge,WR,,,,,,2.0,23.0,,2.3,1.0,6.0,,0.6,,4.9,0.0
581,Dyami Brown,WR,,,,,,2.0,23.0,,2.3,1.0,6.0,,0.6,,4.9,0.0
582,Xavier Restrepo,WR,,,,,,2.0,22.0,,2.2,1.0,6.0,,0.6,,4.8,0.0
583,Ameer Abdullah,RB,,,,,,2.0,15.0,,1.5,3.0,13.0,,1.3,,4.8,0.0
584,Kameron Johnson,WR,,,,,,2.0,28.0,,2.8,,,,,,4.8,0.0
585,Tyler Goodson,RB,,,,,,2.0,15.0,,1.5,3.0,13.0,,1.3,,4.8,0.0
586,Dont'e Thornton,WR,,,,,,2.0,27.0,,2.7,,,,,,4.7,-24.7
587,Raheim Sanders,RB,,,,,,2.0,7.0,,0.7,5.0,20.0,,2.0,,4.7,0.0
588,Efton Chism,WR,,,,,,2.0,25.0,,2.5,,1.0,,0.1,,4.6,-26.6
589,Dareke Young,WR,,,,,,2.0,26.0,,2.6,,,,,,4.6,0.0
590,Blake Whiteheart,TE,,,,,,2.0,24.0,,2.4,,,,,,4.4,0.0
591,Craig Reynolds,RB,,,,,,2.0,16.0,,1.6,2.0,8.0,,0.8,,4.4,0.0
592,Jacardia Wright,RB,,,,,,2.0,15.0,,1.5,2.0,8.0,,0.8,,4.3,0.0
593,David Moore,WR,,,,,,2.0,23.0,,2.3,,,,,,4.3,0.0
594,Kaden Wetjen,WR,,,,,,2.0,22.0,,2.2,,,,,,4.2,0.0
595,Tylan Wallace,WR,,,,,,2.0,22.0,,2.2,,,,,,4.2,0.0
596,Jake Bobo,WR,,,,,,2.0,22.0,,2.2,,,,,,4.2,0.0
597,Ricky White,WR,,,,,,2.0,22.0,,2.2,,,,,,4.2,0.0
598,Chris Moore,WR,,,,,,2.0,21.0,,2.1,,,,,,4.1,0.0
599,JuJu Smith-Schuster,WR,,,,,,2.0,20.0,,2.0,,1.0,,0.1,,4.1,-27.5
600,Tyrell Shavers,WR,,,,,,2.0,19.0,,1.9,,1.0,,0.1,,4.0,-25.2
601,Ben Yurosek,TE,,,,,,2.0,20.0,,2.0,,,,,,4.0,0.0
602,Harrison Bryant,TE,,,,,,2.0,20.0,,2.0,,,,,,4.0,0.0
603,Jamal Haynes,RB,,,,,,1.0,5.0,,0.5,6.0,25.0,,2.5,,4.0,-5.6
604,Ian Thomas,TE,,,,,,2.0,20.0,,2.0,,,,,,4.0,0.0
605,Kylen Granson,TE,,,,,,2.0,20.0,,2.0,,,,,,4.0,0.0
606,Sione Vaki,RB,,,,,,2.0,16.0,,1.6,1.0,4.0,,0.4,,4.0,0.0
607,Cameron Latu,TE,,,,,,2.0,20.0,,2.0,,,,,,4.0,0.0
608,Antonio Gibson,RB,,,,,,2.0,15.0,,1.5,1.0,4.0,,0.4,,3.9,0.0
609,Trent Sherfield,WR,,,,,,2.0,19.0,,1.9,,,,,,3.9,0.0
610,Max Bredeson,TE,,,,,,2.0,15.0,,1.5,1.0,3.0,,0.3,,3.8,0.0
611,Anthony Gould,WR,,,,,,1.0,16.0,,1.6,1.0,6.0,,0.6,,3.2,0.0
612,Ashton Dulin,WR,,,,,,1.0,14.0,,1.4,1.0,6.0,,0.6,,3.0,0.0
613,Skyy Moore,WR,,,,,,1.0,14.0,,1.4,1.0,6.0,,0.6,,3.0,0.0
614,DeAndre Hopkins,WR,,,,,,1.0,15.0,,1.5,,,,,,2.5,0.0
615,Jordan Watkins,WR,,,,,,1.0,14.0,,1.4,,,,,,2.4,0.0
616,Shane Zylstra,TE,,,,,,1.0,13.0,,1.3,,,,,,2.3,0.0
617,Ko Kieft,TE,,,,,,1.0,13.0,,1.3,,,,,,2.3,0.0
618,Chris Manhertz,TE,,,,,,1.0,13.0,,1.3,,,,,,2.3,0.0
619,Donovan Edwards,RB,,,,,,,,,,5.0,21.0,,2.1,,2.1,0.0
620,Robert Tonyan,TE,,,,,,1.0,9.0,,0.9,,,,,,1.9,0.0
621,Feleipe Franks,TE,,,,,,1.0,7.0,,0.7,1.0,2.0,,0.2,,1.9,0.0
622,Gage Larvadain,WR,,,,,,1.0,9.0,,0.9,,,,,,1.9,0.0
623,DeAndre Carter,WR,,,,,,1.0,17.0,,1.7,2.0,11.0,,1.1,1.0,1.8,0.0
624,Jacob Cowing,WR,,,,,,1.0,7.0,,0.7,,,,,,1.7,0.0
625,Tyler Conklin,TE,,,,,,1.0,7.0,,0.7,,,,,,1.7,0.0
626,LaJohntay Wester,WR,,,,,,1.0,14.0,,1.4,1.0,6.0,,0.6,1.0,1.0,0.0
627,Clyde Edwards-Helaire,RB,,,,,,,,,,2.0,8.0,,0.8,,0.8,0.0
628,Sterling Shepard,WR,,,,,,,,,,1.0,6.0,,0.6,,0.6,0.0
629,James Proche,WR,,,,,,,,,,1.0,6.0,,0.6,,0.6,0.0
630,Ben Skowronek,WR,,,,,,,,,,1.0,6.0,,0.6,,0.6,0.0
631,Nikko Remigio,WR,,,,,,,,,,1.0,6.0,,0.6,,0.6,0.0
